{
  "strategy": {
    "total_return": 1.2663807216455627,
    "annual_return": 0.5938239042075646,
    "annual_vol": 0.2525827647617705,
    "sharpe": 2.3510071293168897,
    "sortino": 3.565455250695505,
    "calmar": 4.754688311247907,
    "max_drawdown": -0.1248922784814106,
    "win_rate": 0.5627177700348432,
    "var_95": -0.020396179519593716,
    "cvar_95": -0.03212655894458294,
    "capm_beta": 1.0843485896549105,
    "capm_alpha_annual": 0.3187597451251911,
    "tracking_error": 0.1594949389762889,
    "information_ratio": 1.828282195810808,
    "excess_annual": 0.4026908561605522
  },
  "benchmark": {
    "total_return": 0.4350589324518037,
    "annual_return": 0.19113304804701237,
    "annual_vol": 0.1811694658439857,
    "sharpe": 1.054995865923942,
    "sortino": 1.5066676203333154,
    "calmar": 1.2202407075715482,
    "max_drawdown": -0.15663551843388923,
    "win_rate": 0.5174216027874564,
    "var_95": -0.014780750000000042,
    "cvar_95": -0.024039103448275877
  },
  "excess_annual": 0.4026908561605522,
  "n_holdings": 10,
  "k_swap": 2,
  "start_date": 20240101,
  "apply_fee": true,
  "apply_limit": true,
  "fee_buy_pct": 0.00025,
  "fee_sell_pct": 0.00125
}