{
  "test_days": 574,
  "test_rows": 455144,
  "best_val_rank_ic": 0.06503815784050976,
  "best_epoch": 3,
  "test_ic_mean": 0.06156163901466059,
  "test_rank_ic_mean": 0.054867328457355584,
  "test_rank_ic_std": 0.11943782932261554,
  "test_rank_icir": 0.45937978088462006,
  "test_rank_icir_annual": 7.292427945312288,
  "n_params": 122565
}