{
  "strategy": {
    "total_return": 0.5257482752834117,
    "annual_return": 0.3424171353875898,
    "annual_vol": 0.2599179774447457,
    "sharpe": 1.317404534999264,
    "sortino": 1.9638290843937165,
    "calmar": 1.635999381752199,
    "max_drawdown": -0.2093014965940012,
    "win_rate": 0.5226480836236934,
    "var_95": -0.02048008991405368,
    "cvar_95": -0.034333331060820614,
    "capm_beta": 1.1704428511169505,
    "capm_alpha_annual": 0.09399984417693963,
    "tracking_error": 0.15344804062660186,
    "information_ratio": 0.7799267017056555,
    "excess_annual": 0.1512840873405774
  },
  "benchmark": {
    "total_return": 0.4350589324518037,
    "annual_return": 0.19113304804701237,
    "annual_vol": 0.1811694658439857,
    "sharpe": 1.054995865923942,
    "sortino": 1.5066676203333154,
    "calmar": 1.2202407075715482,
    "max_drawdown": -0.15663551843388923,
    "win_rate": 0.5174216027874564,
    "var_95": -0.014780750000000042,
    "cvar_95": -0.024039103448275877
  },
  "excess_annual": 0.1512840873405774,
  "n_holdings": 10,
  "k_swap": 2,
  "start_date": 20240101,
  "apply_fee": true,
  "apply_limit": true,
  "fee_buy_pct": 0.00025,
  "fee_sell_pct": 0.00125
}