{
  "n_seeds": 3,
  "seeds": [
    1337,
    2024,
    42
  ],
  "seed_metrics": [
    {
      "seed": 1337,
      "test_rank_ic": 0.0565
    },
    {
      "seed": 2024,
      "test_rank_ic": 0.0543
    }
  ],
  "test_days": 574,
  "test_rows": 455144,
  "test_ic_mean": 0.05644649876085557,
  "test_rank_ic_mean": 0.057175239503976454,
  "test_rank_ic_std": 0.12861015776941698,
  "test_rank_icir": 0.44456235844808933,
  "test_rank_icir_annual": 7.0572086562839935
}