{
  "attribution": {
    "ind_share": {
      "银行": 22.73,
      "电气设备": 10.23,
      "白酒": 8.04,
      "石油开采": 6.11,
      "元器件": 4.37,
      "水力发电": 4.12,
      "通信设备": 3.82,
      "煤炭开采": 3.75,
      "汽车配件": 3.12,
      "半导体": 2.94,
      "家用电器": 2.71,
      "专用机械": 2.55,
      "软件服务": 2.5,
      "保险": 2.28,
      "汽车整车": 1.26,
      "化学制药": 1.2,
      "医疗保健": 1.2,
      "化工原料": 1.12,
      "生物制药": 0.88,
      "证券": 0.85
    },
    "ind_ret": {
      "IT设备": 0.41865813732147217,
      "专用机械": 0.21214373409748077,
      "中成药": 0.6460045576095581,
      "互联网": 0.6283594965934753,
      "仓储物流": -0.12822498381137848,
      "供气供热": -0.2340800166130066,
      "保险": 0.199410080909729,
      "元器件": 0.15628379583358765,
      "全国地产": -2.411749839782715,
      "农业综合": -0.5188499689102173,
      "农药化肥": -0.19105996191501617,
      "出版业": 2.5735597610473633,
      "化学制药": 0.4059867858886719,
      "化工原料": 0.41835877299308777,
      "化纤": 0.09186242520809174,
      "区域地产": -0.9934999942779541,
      "医疗保健": -0.12095148116350174,
      "医药商业": 0.41857144236564636,
      "半导体": 0.46131083369255066,
      "园区开发": 0.39855384826660156,
      "塑料": -0.6115500330924988,
      "多元金融": 0.20728334784507751,
      "家居用品": -6.9766998291015625,
      "家用电器": 0.09778301417827606,
      "小金属": 0.6179761290550232,
      "工程机械": 0.30806005001068115,
      "广告包装": -0.21321111917495728,
      "建筑工程": 0.2684454619884491,
      "影视音像": -0.08584000170230865,
      "摩托车": -0.42572855949401855,
      "文教休闲": 0.2524000108242035,
      "新型电力": -0.11300001293420792,
      "日用化工": 0.14409999549388885,
      "普钢": 0.3579516112804413,
      "服饰": 0.06499996781349182,
      "机场": 0.3745499849319458,
      "机械基件": -3.1382250785827637,
      "染料涂料": 0.06433498859405518,
      "橡胶": -8.849599838256836,
      "水力发电": 0.0869845524430275,
      "水泥": -1.1836600303649902,
      "水运": 0.34314998984336853,
      "汽车整车": -0.05310562998056412,
      "汽车配件": 0.3344869613647461,
      "港口": 0.3405333459377289,
      "火力发电": -0.4630199670791626,
      "煤炭开采": 0.09660188853740692,
      "特种钢": 0.4075250029563904,
      "环境保护": -0.2781222462654114,
      "玻璃": 0.42121848464012146,
      "生物制药": -0.46125197410583496,
      "电信运营": 0.23082338273525238,
      "电器仪表": 0.635420024394989,
      "电气设备": 0.14277249574661255,
      "白酒": -0.15725527703762054,
      "百货": 0.5551888346672058,
      "石油加工": -0.07502496987581253,
      "石油开采": 0.20093421638011932,
      "矿物制品": 0.521144449710846,
      "空运": 6.280200004577637,
      "航空": 0.59015291929245,
      "船舶": -0.2014332264661789,
      "证券": 0.45573753118515015,
      "超市连锁": 1.3092999458312988,
      "路桥": 0.229109987616539,
      "软件服务": 1.0127595663070679,
      "运输设备": 0.6269173622131348,
      "通信设备": 0.3151472210884094,
      "铁路": 0.0032727140933275223,
      "铅锌": 0.6992999911308289,
      "铜": -0.09003227204084396,
      "铝": -0.1443501114845276,
      "银行": 0.15618255734443665,
      "食品": 0.09013846516609192,
      "饲料": 0.8072999119758606,
      "黄金": -1.0715856552124023
    },
    "mv_share": {
      "XS (微盘)": 20.0,
      "S": 20.0,
      "M": 20.0,
      "L": 20.0,
      "XL (大盘)": 20.0
    },
    "mv_ret": {
      "XS (微盘)": 0.2662146985530853,
      "S": 0.20407433807849884,
      "M": 0.19099603593349457,
      "L": 0.1602931022644043,
      "XL (大盘)": 0.03204832226037979
    },
    "total_holdings": 5650,
    "n_industries": 76,
    "comment": "用持仓日 t+1 (forward 1d) 收益归因, 正确反映策略表现"
  },
  "turnover": {
    "n_trade_days": 565,
    "avg_daily_buys": 2.0141592920353983,
    "avg_daily_sells": 2.0,
    "daily_turnover_pct": 20.07079646017699,
    "annual_turnover_pct": 5057.840707964601,
    "comment": "k=2 设计 = 每日换 20% 仓位 (双边); 年化换手 ~50 倍"
  }
}
