{
  "strategy": {
    "total_return": 1.2056069374084473,
    "annual_return": 0.4518500145929245,
    "annual_vol": 0.20169164742222892,
    "sharpe": 2.2403009641940947,
    "max_drawdown": -0.10896706595651007,
    "win_rate": 0.5486725663716814
  },
  "benchmark": {
    "total_return": 0.43869531398120176,
    "annual_return": 0.1955954664559747,
    "annual_vol": 0.18164457885525212,
    "sharpe": 1.0768031554842499,
    "max_drawdown": -0.15663551843388923,
    "win_rate": 0.5221238938053098
  },
  "excess_annual": 0.2562545481369498,
  "n_holdings": 10,
  "k_swap": 2,
  "start_date": 20240101
}
