{
  "strategy": {
    "total_return": 0.8226525593682856,
    "annual_return": 0.43722818024867105,
    "annual_vol": 0.22992462142885933,
    "sharpe": 1.901615227266128,
    "sortino": 3.0282560812720543,
    "calmar": 2.5058824508099438,
    "max_drawdown": -0.17448071239276486,
    "win_rate": 0.5250431778929189,
    "var_95": -0.017867529205977915,
    "cvar_95": -0.028850082372283113,
    "capm_beta": 0.9514571591918608,
    "capm_alpha_annual": 0.21298591438873093,
    "tracking_error": 0.15230144628124886,
    "information_ratio": 1.211380120533243,
    "excess_annual": 0.24190162734260845
  },
  "benchmark": {
    "total_return": 0.45118931297036036,
    "annual_return": 0.1953265529060626,
    "annual_vol": 0.1812727748899155,
    "sharpe": 1.0775282843736405,
    "sortino": 1.5468039553901767,
    "calmar": 1.2470130809977993,
    "max_drawdown": -0.15663551843388923,
    "win_rate": 0.5215889464594128,
    "var_95": -0.014724500000000007,
    "cvar_95": -0.024039103448275877
  },
  "excess_annual": 0.24190162734260845,
  "n_holdings": 10,
  "k_swap": 2,
  "start_date": 20240101,
  "apply_fee": true,
  "apply_limit": true,
  "fee_buy_pct": 0.00025,
  "fee_sell_pct": 0.00125
}