{
  "strategy": {
    "total_return": 0.6559098710112179,
    "annual_return": 0.29719303716736545,
    "annual_vol": 0.2663627252854398,
    "sharpe": 1.1157455522030408,
    "max_drawdown": -0.21411580904249206,
    "win_rate": 0.5238938053097345
  },
  "benchmark": {
    "total_return": 0.43869531398120176,
    "annual_return": 0.1955954664559747,
    "annual_vol": 0.18164457885525212,
    "sharpe": 1.0768031554842499,
    "max_drawdown": -0.15663551843388923,
    "win_rate": 0.5221238938053098
  },
  "excess_annual": 0.10159757071139075,
  "n_holdings": 10,
  "k_swap": 2,
  "start_date": 20240101,
  "apply_fee": false,
  "apply_limit": false,
  "fee_buy_pct": 0,
  "fee_sell_pct": 0
}
