{
  "strategy": {
    "total_return": 0.2715888631645995,
    "annual_return": 0.23853073893266163,
    "annual_vol": 0.26047644882545373,
    "sharpe": 0.9157477800805869,
    "sortino": 1.4273968027147537,
    "calmar": 0.8294090926360651,
    "max_drawdown": -0.2875911691303765,
    "win_rate": 0.528695652173913,
    "var_95": -0.02204362116754055,
    "cvar_95": -0.03187391393143555,
    "capm_beta": 1.1488307439696621,
    "capm_alpha_annual": 0.01487097463646414,
    "tracking_error": 0.15841515920444704,
    "information_ratio": 0.2561327695357532,
    "excess_annual": 0.049210826064750135
  },
  "benchmark": {
    "total_return": 0.43077758005134803,
    "annual_return": 0.1893199128679115,
    "annual_vol": 0.18151003806999488,
    "sharpe": 1.043027176076252,
    "sortino": 1.496535746746876,
    "calmar": 1.2086652036151382,
    "max_drawdown": -0.15663551843388923,
    "win_rate": 0.52,
    "var_95": -0.014769500000000034,
    "cvar_95": -0.024039103448275877
  },
  "excess_annual": 0.049210826064750135,
  "n_holdings": 10,
  "k_swap": 2,
  "start_date": 20240101,
  "apply_fee": true,
  "apply_limit": true,
  "fee_buy_pct": 0.00025,
  "fee_sell_pct": 0.00125
}