{
  "strategy": {
    "total_return": 1.0978519916534424,
    "annual_return": 0.43109786680324835,
    "annual_vol": 0.23822397760998965,
    "sharpe": 1.8096324854952213,
    "max_drawdown": -0.15140142327662354,
    "win_rate": 0.5008849557522124
  },
  "benchmark": {
    "total_return": 0.43869531398120176,
    "annual_return": 0.1955954664559747,
    "annual_vol": 0.18164457885525212,
    "sharpe": 1.0768031554842499,
    "max_drawdown": -0.15663551843388923,
    "win_rate": 0.5221238938053098
  },
  "excess_annual": 0.23550240034727365,
  "n_holdings": 10,
  "k_swap": 2,
  "start_date": 20240101
}
