{
  "strategy": {
    "total_return": 0.3122098465459129,
    "annual_return": 0.24662182160908497,
    "annual_vol": 0.22861723357904484,
    "sharpe": 1.0787542433290471,
    "sortino": 1.569760455621252,
    "calmar": 1.1294158079266756,
    "max_drawdown": -0.21836227949355758,
    "win_rate": 0.5252173913043479,
    "var_95": -0.019681579805910586,
    "cvar_95": -0.03129177893800982,
    "capm_beta": 1.0479542007683114,
    "capm_alpha_annual": 0.03953372315375092,
    "tracking_error": 0.12712260831640323,
    "information_ratio": 0.3704493500228048,
    "excess_annual": 0.05730190874117347
  },
  "benchmark": {
    "total_return": 0.43077758005134803,
    "annual_return": 0.1893199128679115,
    "annual_vol": 0.18151003806999488,
    "sharpe": 1.043027176076252,
    "sortino": 1.496535746746876,
    "calmar": 1.2086652036151382,
    "max_drawdown": -0.15663551843388923,
    "win_rate": 0.52,
    "var_95": -0.014769500000000034,
    "cvar_95": -0.024039103448275877
  },
  "excess_annual": 0.05730190874117347,
  "n_holdings": 10,
  "k_swap": 2,
  "start_date": 20240101,
  "apply_fee": true,
  "apply_limit": true,
  "fee_buy_pct": 0.00025,
  "fee_sell_pct": 0.00125
}