{
  "strategy": {
    "total_return": 1.1788171567303638,
    "annual_return": 0.4445433598191548,
    "annual_vol": 0.20289682660071395,
    "sharpe": 2.190982211782747,
    "max_drawdown": -0.13643295650693676,
    "win_rate": 0.536283185840708
  },
  "benchmark": {
    "total_return": 0.43869531398120176,
    "annual_return": 0.1955954664559747,
    "annual_vol": 0.18164457885525212,
    "sharpe": 1.0768031554842499,
    "max_drawdown": -0.15663551843388923,
    "win_rate": 0.5221238938053098
  },
  "excess_annual": 0.24894789336318013,
  "n_holdings": 10,
  "k_swap": 2,
  "start_date": 20240101,
  "apply_fee": false,
  "apply_limit": false,
  "fee_buy_pct": 0,
  "fee_sell_pct": 0
}
