{
  "strategy": {
    "total_return": 0.7269319265160075,
    "annual_return": 0.41384260885458324,
    "annual_vol": 0.257764296517654,
    "sharpe": 1.605507816212093,
    "sortino": 2.266802888852304,
    "calmar": 1.8612917572805376,
    "max_drawdown": -0.22234160153715787,
    "win_rate": 0.5267702936096719,
    "var_95": -0.021848542056977747,
    "cvar_95": -0.036020554987521006,
    "capm_beta": 1.1379413609927567,
    "capm_alpha_annual": 0.15419806472129371,
    "tracking_error": 0.15657955599433046,
    "information_ratio": 1.0733631091524467,
    "excess_annual": 0.21851605594852064
  },
  "benchmark": {
    "total_return": 0.45118931297036036,
    "annual_return": 0.1953265529060626,
    "annual_vol": 0.1812727748899155,
    "sharpe": 1.0775282843736405,
    "sortino": 1.5468039553901767,
    "calmar": 1.2470130809977993,
    "max_drawdown": -0.15663551843388923,
    "win_rate": 0.5215889464594128,
    "var_95": -0.014724500000000007,
    "cvar_95": -0.024039103448275877
  },
  "excess_annual": 0.21851605594852064,
  "n_holdings": 10,
  "k_swap": 2,
  "start_date": 20240101,
  "apply_fee": true,
  "apply_limit": true,
  "fee_buy_pct": 0.00025,
  "fee_sell_pct": 0.00125
}