{
  "strategy": {
    "total_return": 1.2253563824219929,
    "annual_return": 0.5680248322375752,
    "annual_vol": 0.2303081229067104,
    "sharpe": 2.4663689686879695,
    "sortino": 3.8869686796868237,
    "calmar": 3.6026731230837328,
    "max_drawdown": -0.15766759203639302,
    "win_rate": 0.531951640759931,
    "var_95": -0.018071181140840054,
    "cvar_95": -0.029275734876764232,
    "capm_beta": 1.0197829433971564,
    "capm_alpha_annual": 0.30742862919452807,
    "tracking_error": 0.1374113702875773,
    "information_ratio": 1.9775353757731946,
    "excess_annual": 0.37269827933151256
  },
  "benchmark": {
    "total_return": 0.45118931297036036,
    "annual_return": 0.1953265529060626,
    "annual_vol": 0.1812727748899155,
    "sharpe": 1.0775282843736405,
    "sortino": 1.5468039553901767,
    "calmar": 1.2470130809977993,
    "max_drawdown": -0.15663551843388923,
    "win_rate": 0.5215889464594128,
    "var_95": -0.014724500000000007,
    "cvar_95": -0.024039103448275877
  },
  "excess_annual": 0.37269827933151256,
  "n_holdings": 10,
  "k_swap": 2,
  "start_date": 20240101,
  "apply_fee": true,
  "apply_limit": true,
  "fee_buy_pct": 0.00025,
  "fee_sell_pct": 0.00125
}