{
  "strategy": {
    "total_return": 0.40190356316340514,
    "annual_return": 0.2982369060394836,
    "annual_vol": 0.2650428803440645,
    "sharpe": 1.1252401664210967,
    "sortino": 1.6671286872402689,
    "calmar": 1.2168646440189934,
    "max_drawdown": -0.24508633341982622,
    "win_rate": 0.5221238938053098,
    "var_95": -0.023473860323429106,
    "cvar_95": -0.034876475817170634,
    "capm_beta": 1.1928393867344462,
    "capm_alpha_annual": 0.049137280631224245,
    "tracking_error": 0.15661289702305578,
    "information_ratio": 0.5263591525991562,
    "excess_annual": 0.10264143958350891
  },
  "benchmark": {
    "total_return": 0.43869531398120176,
    "annual_return": 0.1955954664559747,
    "annual_vol": 0.18164457885525212,
    "sharpe": 1.0768031554842499,
    "sortino": 1.5399017516166646,
    "calmar": 1.2487298916894782,
    "max_drawdown": -0.15663551843388923,
    "win_rate": 0.5221238938053098,
    "var_95": -0.014403200000000034,
    "cvar_95": -0.02396834482758622
  },
  "excess_annual": 0.10264143958350891,
  "n_holdings": 10,
  "k_swap": 2,
  "start_date": 20240101,
  "apply_fee": true,
  "apply_limit": true,
  "fee_buy_pct": 0.00025,
  "fee_sell_pct": 0.00125
}
