{
  "strategy": {
    "total_return": 0.3479071154048927,
    "annual_return": 0.2527643645879243,
    "annual_vol": 0.19505267537704726,
    "sharpe": 1.295877388713297,
    "sortino": 1.6943791978370009,
    "calmar": 1.6359304063185913,
    "max_drawdown": -0.15450800795213981,
    "win_rate": 0.5373913043478261,
    "var_95": -0.015461459849029779,
    "cvar_95": -0.027559238229075383,
    "capm_beta": 0.9106860319172367,
    "capm_alpha_annual": 0.06982360890776285,
    "tracking_error": 0.10480796385228411,
    "information_ratio": 0.49626082820668854,
    "excess_annual": 0.06344445172001278
  },
  "benchmark": {
    "total_return": 0.43077758005134803,
    "annual_return": 0.1893199128679115,
    "annual_vol": 0.18151003806999488,
    "sharpe": 1.043027176076252,
    "sortino": 1.496535746746876,
    "calmar": 1.2086652036151382,
    "max_drawdown": -0.15663551843388923,
    "win_rate": 0.52,
    "var_95": -0.014769500000000034,
    "cvar_95": -0.024039103448275877
  },
  "excess_annual": 0.06344445172001278,
  "n_holdings": 10,
  "k_swap": 2,
  "start_date": 20240101,
  "apply_fee": true,
  "apply_limit": true,
  "fee_buy_pct": 0.00025,
  "fee_sell_pct": 0.00125
}