{
  "strategy": {
    "total_return": 0.9971737087018513,
    "annual_return": 0.38340243909461713,
    "annual_vol": 0.18000636390605496,
    "sharpe": 2.1299381281615855,
    "max_drawdown": -0.11201222392568089,
    "win_rate": 0.5292035398230088
  },
  "benchmark": {
    "total_return": 0.43869531398120176,
    "annual_return": 0.1955954664559747,
    "annual_vol": 0.18164457885525212,
    "sharpe": 1.0768031554842499,
    "max_drawdown": -0.15663551843388923,
    "win_rate": 0.5221238938053098
  },
  "excess_annual": 0.18780697263864243,
  "n_holdings": 10,
  "k_swap": 2,
  "start_date": 20240101,
  "apply_fee": false,
  "apply_limit": false,
  "fee_buy_pct": 0,
  "fee_sell_pct": 0
}
