{
  "strategy": {
    "total_return": 0.22371603908170745,
    "annual_return": 0.205197241984735,
    "annual_vol": 0.2127708150110045,
    "sharpe": 0.9644049741035793,
    "sortino": 1.3956771167278204,
    "calmar": 1.0511606357560372,
    "max_drawdown": -0.19521015579654244,
    "win_rate": 0.5121951219512195,
    "var_95": -0.018499583937227726,
    "cvar_95": -0.027254819998453403,
    "capm_beta": 0.9797856360138585,
    "capm_alpha_annual": 0.015400407744574185,
    "tracking_error": 0.11737125393378531,
    "information_ratio": 0.10008129459241677,
    "excess_annual": 0.014064193937722624
  },
  "benchmark": {
    "total_return": 0.4350589324518037,
    "annual_return": 0.19113304804701237,
    "annual_vol": 0.1811694658439857,
    "sharpe": 1.054995865923942,
    "sortino": 1.5066676203333154,
    "calmar": 1.2202407075715482,
    "max_drawdown": -0.15663551843388923,
    "win_rate": 0.5174216027874564,
    "var_95": -0.014780750000000042,
    "cvar_95": -0.024039103448275877
  },
  "excess_annual": 0.014064193937722624,
  "n_holdings": 10,
  "k_swap": 2,
  "start_date": 20240101,
  "apply_fee": true,
  "apply_limit": true,
  "fee_buy_pct": 0.00025,
  "fee_sell_pct": 0.00125
}