{
  "strategy": {
    "total_return": 0.8188563732041094,
    "annual_return": 0.34820456372568165,
    "annual_vol": 0.2543446029074455,
    "sharpe": 1.369026690777175,
    "max_drawdown": -0.18500245739873644,
    "win_rate": 0.5203539823008849
  },
  "benchmark": {
    "total_return": 0.43869531398120176,
    "annual_return": 0.1955954664559747,
    "annual_vol": 0.18164457885525212,
    "sharpe": 1.0768031554842499,
    "max_drawdown": -0.15663551843388923,
    "win_rate": 0.5221238938053098
  },
  "excess_annual": 0.15260909726970695,
  "n_holdings": 10,
  "k_swap": 2,
  "start_date": 20240101,
  "apply_fee": false,
  "apply_limit": false,
  "fee_buy_pct": 0,
  "fee_sell_pct": 0
}
