{
  "strategy": {
    "total_return": 1.0617306232452393,
    "annual_return": 0.407944013895271,
    "annual_vol": 0.19839189374613864,
    "sharpe": 2.0562533359086785,
    "max_drawdown": -0.10474983925937398,
    "win_rate": 0.5398230088495575
  },
  "benchmark": {
    "total_return": 0.43869531398120176,
    "annual_return": 0.1955954664559747,
    "annual_vol": 0.18164457885525212,
    "sharpe": 1.0768031554842499,
    "max_drawdown": -0.15663551843388923,
    "win_rate": 0.5221238938053098
  },
  "excess_annual": 0.21234854743929632,
  "n_holdings": 10,
  "k_swap": 2,
  "start_date": 20240101
}
