{
  "test_rows": 459668,
  "test_days": 575,
  "ic_mean": 0.050821029153251124,
  "ic_std": 0.1530585744634014,
  "icir": 0.33203647251662594,
  "rank_ic_mean": 0.04494606240671015,
  "rank_ic_std": 0.135426852603711,
  "rank_icir": 0.33188441983682726,
  "best_iter": 65,
  "icir_annual": 5.27091559489275,
  "rank_icir_annual": 5.268501833431181
}