{
  "epoch": [
    1,
    2,
    3,
    4,
    5,
    6,
    7,
    8,
    9,
    10,
    11,
    12
  ],
  "train_loss": [
    -0.06841649759226355,
    -0.08383422130401659,
    -0.0906241627023685,
    -0.09618579211065274,
    -0.09923191269392569,
    -0.10423096163261786,
    -0.10822238796174341,
    -0.11184709644862004,
    -0.11745674575999056,
    -0.12114883428756666,
    -0.12549658982377304,
    -0.12877684467163616
  ],
  "val_ic": [
    0.04451394267758895,
    0.05968946695749785,
    0.0553305366979279,
    0.06265641692798386,
    0.06079329591656402,
    0.06599278860699594,
    0.054592911172650624,
    0.051681701739553436,
    0.04325707153605078,
    0.04864345610539446,
    0.04821951536339334,
    0.051063663170968554
  ],
  "val_rank_ic": [
    0.03690216689458641,
    0.055473632761035986,
    0.05054559236950635,
    0.058135124947302386,
    0.056289743291385905,
    0.06438507260907038,
    0.04520167429916625,
    0.044193300214711184,
    0.035723620111811655,
    0.04108118261446881,
    0.03944263924561775,
    0.04571004281741403
  ],
  "lr": [
    0.0004986304738420684,
    0.0004945369001834514,
    0.0004877641290737884,
    0.00047838636441065017,
    0.00046650635094610973,
    0.00045225424859373693,
    0.0004357862063693486,
    0.0004172826515897146,
    0.0003969463130731183,
    0.000375,
    0.00035168416076895013,
    0.0003272542485937369
  ]
}