{
  "best": {
    "tag": "seed99_H64_alpha0.6_dropout0.15_lr0.0005",
    "seed": 99,
    "hp": {
      "lr": 0.0005,
      "dropout": 0.15,
      "alpha": 0.6,
      "H": 64,
      "wd": 0.001
    },
    "best_epoch": 11,
    "val_rank_ic": 0.06365512262010259,
    "test_ic": 0.03524480411435465,
    "test_rank_ic": 0.03241405970443994,
    "test_rank_ic_std": 0.15194925599880418,
    "test_rank_icir_annual": 3.3863753298007824,
    "n_params": 123533,
    "sharpe": 3.1485723322303603,
    "total_return": 0.944381420226371,
    "max_drawdown": -0.13764651883503864,
    "annual_return": 0.8274010303588508,
    "train_time_s": 1768.3
  },
  "total_models": 19,
  "v5_features": [
    "filter_factors(EMA+trend)",
    "industry_factors",
    "time_decay_loss",
    "dynamic_n"
  ],
  "full_ranking": [
    {
      "tag": "seed99_H64_alpha0.6_dropout0.15_lr0.0005",
      "seed": 99,
      "hp": {
        "lr": 0.0005,
        "dropout": 0.15,
        "alpha": 0.6,
        "H": 64,
        "wd": 0.001
      },
      "best_epoch": 11,
      "val_rank_ic": 0.06365512262010259,
      "test_ic": 0.03524480411435465,
      "test_rank_ic": 0.03241405970443994,
      "test_rank_ic_std": 0.15194925599880418,
      "test_rank_icir_annual": 3.3863753298007824,
      "n_params": 123533,
      "sharpe": 3.1485723322303603,
      "total_return": 0.944381420226371,
      "max_drawdown": -0.13764651883503864,
      "annual_return": 0.8274010303588508,
      "train_time_s": 1768.3
    },
    {
      "tag": "seed99_H64_alpha0.6_dropout0.2_lr0.0003",
      "seed": 99,
      "hp": {
        "lr": 0.0003,
        "dropout": 0.2,
        "alpha": 0.6,
        "H": 64,
        "wd": 0.001
      },
      "best_epoch": 5,
      "val_rank_ic": 0.057838143166742594,
      "test_ic": 0.04744747761857552,
      "test_rank_ic": 0.041674860207747834,
      "test_rank_ic_std": 0.1545840003849444,
      "test_rank_icir_annual": 4.279665759421436,
      "n_params": 123533,
      "sharpe": 1.9773316824156957,
      "total_return": 0.370752819785668,
      "max_drawdown": -0.12990004672391853,
      "annual_return": 0.3807724917823754,
      "train_time_s": 1103.4
    },
    {
      "tag": "seed99_H64_alpha0.5_dropout0.2_lr0.0005",
      "seed": 99,
      "hp": {
        "lr": 0.0005,
        "dropout": 0.2,
        "alpha": 0.5,
        "H": 64,
        "wd": 0.001
      },
      "best_epoch": 5,
      "val_rank_ic": 0.059594989044620295,
      "test_ic": 0.04466185575109198,
      "test_rank_ic": 0.04058994434919186,
      "test_rank_ic_std": 0.15596089589427328,
      "test_rank_icir_annual": 4.1314545281256825,
      "n_params": 123533,
      "sharpe": 1.888390866985972,
      "total_return": 0.34045932166112114,
      "max_drawdown": -0.11289538895115458,
      "annual_return": 0.356635517736946,
      "train_time_s": 1191.9
    },
    {
      "tag": "seed777_H64_alpha0.6_dropout0.15_lr0.0005",
      "seed": 777,
      "hp": {
        "lr": 0.0005,
        "dropout": 0.15,
        "alpha": 0.6,
        "H": 64,
        "wd": 0.001
      },
      "best_epoch": 11,
      "val_rank_ic": 0.06241311321334417,
      "test_ic": 0.030858668288511148,
      "test_rank_ic": 0.029622577995566612,
      "test_rank_ic_std": 0.15226770271578718,
      "test_rank_icir_annual": 3.088270251297639,
      "n_params": 123533,
      "sharpe": 1.8827321410905131,
      "total_return": 0.40846422178308717,
      "max_drawdown": -0.14533984381010645,
      "annual_return": 0.4180652663852529,
      "train_time_s": 1839.8
    },
    {
      "tag": "seed777_H64_alpha0.5_dropout0.2_lr0.0005",
      "seed": 777,
      "hp": {
        "lr": 0.0005,
        "dropout": 0.2,
        "alpha": 0.5,
        "H": 64,
        "wd": 0.001
      },
      "best_epoch": 11,
      "val_rank_ic": 0.06163372835916542,
      "test_ic": 0.034596910697982625,
      "test_rank_ic": 0.031948525637818345,
      "test_rank_ic_std": 0.16251174337587604,
      "test_rank_icir_annual": 3.1208027174748185,
      "n_params": 123533,
      "sharpe": 1.7153743232482284,
      "total_return": 0.3637274846482914,
      "max_drawdown": -0.1472256758344821,
      "annual_return": 0.3844093283162615,
      "train_time_s": 1841.0
    },
    {
      "tag": "seed99",
      "seed": 99,
      "hp": {
        "lr": 0.0005,
        "dropout": 0.2,
        "alpha": 0.6,
        "H": 64,
        "wd": 0.001
      },
      "best_epoch": 5,
      "val_rank_ic": 0.06112453855878537,
      "test_ic": 0.04434902144126995,
      "test_rank_ic": 0.03997688565248408,
      "test_rank_ic_std": 0.15311474216251905,
      "test_rank_icir_annual": 4.144691329875534,
      "n_params": 123533,
      "train_time_s": 553.2,
      "sharpe": 1.686325729713688,
      "total_return": 0.30710808272919654,
      "max_drawdown": -0.12478727128636014,
      "annual_return": 0.33323679336388423
    },
    {
      "tag": "seed777",
      "seed": 777,
      "hp": {
        "lr": 0.0005,
        "dropout": 0.2,
        "alpha": 0.6,
        "H": 64,
        "wd": 0.001
      },
      "best_epoch": 11,
      "val_rank_ic": 0.0615777338417709,
      "test_ic": 0.03431314222495956,
      "test_rank_ic": 0.030982500757260615,
      "test_rank_ic_std": 0.1652230149104308,
      "test_rank_icir_annual": 2.976776101624572,
      "n_params": 123533,
      "train_time_s": 801.8,
      "sharpe": 1.6757160843099528,
      "total_return": 0.3744244195457187,
      "max_drawdown": -0.1665750555236435,
      "annual_return": 0.39654547164342935
    },
    {
      "tag": "seed512",
      "seed": 512,
      "hp": {
        "lr": 0.0005,
        "dropout": 0.2,
        "alpha": 0.6,
        "H": 64,
        "wd": 0.001
      },
      "best_epoch": 3,
      "val_rank_ic": 0.06161359418853524,
      "test_ic": 0.047505979232644165,
      "test_rank_ic": 0.04139356849066136,
      "test_rank_ic_std": 0.16470958013561077,
      "test_rank_icir_annual": 3.9894612577315107,
      "n_params": 123533,
      "train_time_s": 921.5,
      "sharpe": 1.641559014969581,
      "total_return": 0.24998831711546954,
      "max_drawdown": -0.08870259866858321,
      "annual_return": 0.28287369819373986
    },
    {
      "tag": "seed256",
      "seed": 256,
      "hp": {
        "lr": 0.0005,
        "dropout": 0.2,
        "alpha": 0.6,
        "H": 64,
        "wd": 0.001
      },
      "best_epoch": 1,
      "val_rank_ic": 0.06257139988825425,
      "test_ic": 0.04326497779470914,
      "test_rank_ic": 0.03887934069261938,
      "test_rank_ic_std": 0.1543139515130675,
      "test_rank_icir_annual": 3.9995758881005923,
      "n_params": 123533,
      "train_time_s": 729.4,
      "sharpe": 1.3387725222993008,
      "total_return": 0.1987489970600309,
      "max_drawdown": -0.14344147101391547,
      "annual_return": 0.24559631113529856
    },
    {
      "tag": "seed512_H64_alpha0.6_dropout0.15_lr0.0005",
      "seed": 512,
      "hp": {
        "lr": 0.0005,
        "dropout": 0.15,
        "alpha": 0.6,
        "H": 64,
        "wd": 0.001
      },
      "best_epoch": 3,
      "val_rank_ic": 0.06329413956970352,
      "test_ic": 0.046959690715215406,
      "test_rank_ic": 0.03977320526920991,
      "test_rank_ic_std": 0.16707205745983575,
      "test_rank_icir_annual": 3.7790880876559663,
      "n_params": 123533,
      "sharpe": 1.3057362965309243,
      "total_return": 0.1680299555747966,
      "max_drawdown": -0.10953695009622322,
      "annual_return": 0.2175655065681057,
      "train_time_s": 1012.2
    },
    {
      "tag": "seed512_H64_alpha0.5_dropout0.2_lr0.0005",
      "seed": 512,
      "hp": {
        "lr": 0.0005,
        "dropout": 0.2,
        "alpha": 0.5,
        "H": 64,
        "wd": 0.001
      },
      "best_epoch": 3,
      "val_rank_ic": 0.06084750067540199,
      "test_ic": 0.04759333681233607,
      "test_rank_ic": 0.04144652892362645,
      "test_rank_ic_std": 0.16621986565419974,
      "test_rank_icir_annual": 3.958270615009591,
      "n_params": 123533,
      "sharpe": 1.269442557027807,