{
  "best": {
    "tag": "seed1024_H64_alpha0.6_dropout0.2_lr0.0003",
    "seed": 1024,
    "hp": {
      "lr": 0.0003,
      "dropout": 0.2,
      "alpha": 0.6,
      "H": 64,
      "wd": 0.001
    },
    "best_epoch": 3,
    "val_rank_ic": 0.05970834886381362,
    "test_ic": 0.06577243508408848,
    "test_rank_ic": 0.059814408637590105,
    "test_rank_ic_std": 0.15201503011366221,
    "test_rank_icir_annual": 6.246252342733853,
    "n_params": 123933,
    "sharpe": 1.7677251555246754,
    "total_return": 0.7534310079121274,
    "max_drawdown": -0.23143082813228333,
    "annual_return": 0.40617740331199603,
    "train_time_s": 282.9
  },
  "total_models": 19,
  "v6_features": [
    "long_window(2016-2022)",
    "time_decay(λ=0.3)",
    "industry_factors",
    "filter_factors(EMA+trend)",
    "dynamic_n"
  ],
  "full_ranking": [
    {
      "tag": "seed1024_H64_alpha0.6_dropout0.2_lr0.0003",
      "seed": 1024,
      "hp": {
        "lr": 0.0003,
        "dropout": 0.2,
        "alpha": 0.6,
        "H": 64,
        "wd": 0.001
      },
      "best_epoch": 3,
      "val_rank_ic": 0.05970834886381362,
      "test_ic": 0.06577243508408848,
      "test_rank_ic": 0.059814408637590105,
      "test_rank_ic_std": 0.15201503011366221,
      "test_rank_icir_annual": 6.246252342733853,
      "n_params": 123933,
      "sharpe": 1.7677251555246754,
      "total_return": 0.7534310079121274,
      "max_drawdown": -0.23143082813228333,
      "annual_return": 0.40617740331199603,
      "train_time_s": 282.9
    },
    {
      "tag": "seed314",
      "seed": 314,
      "hp": {
        "lr": 0.0005,
        "dropout": 0.2,
        "alpha": 0.6,
        "H": 64,
        "wd": 0.001
      },
      "best_epoch": 2,
      "val_rank_ic": 0.062044469214015484,
      "test_ic": 0.0654013244800857,
      "test_rank_ic": 0.05760756857452825,
      "test_rank_ic_std": 0.15206394878756702,
      "test_rank_icir_annual": 6.0138629021052346,
      "n_params": 123933,
      "train_time_s": 232.0,
      "sharpe": 1.75163616428967,
      "total_return": 0.8068561570531925,
      "max_drawdown": -0.2287390505442356,
      "annual_return": 0.43020506724182916
    },
    {
      "tag": "seed314_H64_alpha0.5_dropout0.2_lr0.0005",
      "seed": 314,
      "hp": {
        "lr": 0.0005,
        "dropout": 0.2,
        "alpha": 0.5,
        "H": 64,
        "wd": 0.001
      },
      "best_epoch": 2,
      "val_rank_ic": 0.06254682885239289,
      "test_ic": 0.0651989674507497,
      "test_rank_ic": 0.05766250342155293,
      "test_rank_ic_std": 0.15219637953845663,
      "test_rank_icir_annual": 6.014359913115736,
      "n_params": 123933,
      "sharpe": 1.7142386085288233,
      "total_return": 0.7808657156021637,
      "max_drawdown": -0.23024754174422635,
      "annual_return": 0.4211850966255075,
      "train_time_s": 241.7
    },
    {
      "tag": "seed1024_H64_alpha0.5_dropout0.2_lr0.0005",
      "seed": 1024,
      "hp": {
        "lr": 0.0005,
        "dropout": 0.2,
        "alpha": 0.5,
        "H": 64,
        "wd": 0.001
      },
      "best_epoch": 2,
      "val_rank_ic": 0.05675961116424396,
      "test_ic": 0.061580249691555705,
      "test_rank_ic": 0.056179106004162344,
      "test_rank_ic_std": 0.1369276916081526,
      "test_rank_icir_annual": 6.51304045650173,
      "n_params": 123933,
      "sharpe": 1.6986789418033128,
      "total_return": 0.827584169874928,
      "max_drawdown": -0.2568224207634825,
      "annual_return": 0.44309687367332296,
      "train_time_s": 238.1
    },
    {
      "tag": "seed1024_H64_alpha0.6_dropout0.15_lr0.0005",
      "seed": 1024,
      "hp": {
        "lr": 0.0005,
        "dropout": 0.15,
        "alpha": 0.6,
        "H": 64,
        "wd": 0.001
      },
      "best_epoch": 2,
      "val_rank_ic": 0.05757236215676626,
      "test_ic": 0.06359595935055107,
      "test_rank_ic": 0.05825363785849997,
      "test_rank_ic_std": 0.1366884589617405,
      "test_rank_icir_annual": 6.765368282011328,
      "n_params": 123933,
      "sharpe": 1.6780402870821374,
      "total_return": 0.6880636145028858,
      "max_drawdown": -0.19854598191263773,
      "annual_return": 0.38259782649985596,
      "train_time_s": 241.9
    },
    {
      "tag": "seed1024",
      "seed": 1024,
      "hp": {
        "lr": 0.0005,
        "dropout": 0.2,
        "alpha": 0.6,
        "H": 64,
        "wd": 0.001
      },
      "best_epoch": 2,
      "val_rank_ic": 0.0575550353098653,
      "test_ic": 0.06160311572651716,
      "test_rank_ic": 0.056325837644786665,
      "test_rank_ic_std": 0.13714815981967934,
      "test_rank_icir_annual": 6.519554391054901,
      "n_params": 123933,
      "train_time_s": 235.0,
      "sharpe": 1.6161370167716598,
      "total_return": 0.7631688225170736,
      "max_drawdown": -0.25352733812811556,
      "annual_return": 0.42020933824750073
    },
    {
      "tag": "seed777_H64_alpha0.5_dropout0.2_lr0.0005",
      "seed": 777,
      "hp": {
        "lr": 0.0005,
        "dropout": 0.2,
        "alpha": 0.5,
        "H": 64,
        "wd": 0.001
      },
      "best_epoch": 2,
      "val_rank_ic": 0.061429559788260396,
      "test_ic": 0.06354866661179509,
      "test_rank_ic": 0.0574134504847711,
      "test_rank_ic_std": 0.14596686703895603,
      "test_rank_icir_annual": 6.243952668205068,
      "n_params": 123933,
      "sharpe": 1.5569254429956418,
      "total_return": 0.5475021251390109,
      "max_drawdown": -0.17368294451328914,
      "annual_return": 0.3254113632935205,
      "train_time_s": 237.6
    },
    {
      "tag": "seed777",
      "seed": 777,
      "hp": {
        "lr": 0.0005,
        "dropout": 0.2,
        "alpha": 0.6,
        "H": 64,
        "wd": 0.001
      },
      "best_epoch": 2,
      "val_rank_ic": 0.05977319978614393,
      "test_ic": 0.06340886859805711,
      "test_rank_ic": 0.0572272921631415,
      "test_rank_ic_std": 0.1454158103489919,
      "test_rank_icir_annual": 6.247292058289076,
      "n_params": 123933,
      "train_time_s": 236.6,
      "sharpe": 1.5495219729426795,
      "total_return": 0.5390797140393233,
      "max_drawdown": -0.1742885038450831,
      "annual_return": 0.32192672366629305
    },
    {
      "tag": "seed314_H64_alpha0.6_dropout0.15_lr0.0005",
      "seed": 314,
      "hp": {
        "lr": 0.0005,
        "dropout": 0.15,
        "alpha": 0.6,
        "H": 64,
        "wd": 0.001
      },
      "best_epoch": 2,
      "val_rank_ic": 0.06192599866304553,
      "test_ic": 0.06530784230451585,
      "test_rank_ic": 0.057727688302666946,
      "test_rank_ic_std": 0.1529661859996476,
      "test_rank_icir_annual": 5.9908572353539205,
      "n_params": 123933,
      "sharpe": 1.4090830422331702,
      "total_return": 0.5763908615726956,
      "max_drawdown": -0.23955821030893754,
      "annual_return": 0.3476645872028088,
      "train_time_s": 239.7
    },
    {
      "tag": "seed512",
      "seed": 512,
      "hp": {
        "lr": 0.0005,
        "dropout": 0.2,
        "alpha": 0.6,
        "H": 64,
        "wd": 0.001
      },
      "best_epoch": 1,
      "val_rank_ic": 0.05882740798582346,
      "test_ic": 0.06129281046638904,
      "test_rank_ic": 0.05132842727698127,
      "test_rank_ic_std": 0.1319785312461596,
      "test_rank_icir_annual": 6.173833373851221,
      "n_params": 123933,
      "train_time_s": 199.4,
      "sharpe": 1.345670952943187,
      "total_return": 0.5164247119062904,
      "max_drawdown": -0.19922152960213158,
      "annual_return": 0.3227692981939547
    },
    {
      "tag": "seed42",
      "seed": 42,
      "hp": {
        "lr": 0.0005,
        "dropout": 0.2,
        "alpha": 0.6,
        "H": 64,
        "wd": 0.001
      },
      "best_epoch": 1,
      "val_rank_ic": 0.06606012077068747,
      "test_ic": 0.0586707330286802,
      "test_rank_ic": 0.051550247313787115,
      "test_rank_ic_std": 0.1323249628043256,
      "test_rank_icir_annual": 6.184280934688288,
      "n_params": 123933,
      "train_time_s": 199.5,