{
  "best": {
    "tag": "seed4096_H64_alpha0.6_dropout0.15_lr0.0005",
    "seed": 4096,
    "hp": {
      "lr": 0.0005,
      "dropout": 0.15,
      "alpha": 0.6,
      "H": 64,
      "wd": 0.001
    },
    "best_epoch": 8,
    "val_rank_ic": 0.07071238239003735,
    "test_ic": 0.03675585174233414,
    "test_rank_ic": 0.03268697980587354,
    "test_rank_ic_std": 0.16577813521480478,
    "test_rank_icir_annual": 3.1300248738122023,
    "n_params": 122855,
    "sharpe": 1.7390272032689875,
    "total_return": 0.29402756898452953,
    "max_drawdown": -0.09420019895557818,
    "annual_return": 0.31968121516942594,
    "train_time_s": 688.1
  },
  "total_models": 19,
  "v4_features": [
    "time_decay_loss",
    "industry_factors",
    "dynamic_n"
  ],
  "full_ranking": [
    {
      "tag": "seed4096_H64_alpha0.6_dropout0.15_lr0.0005",
      "seed": 4096,
      "hp": {
        "lr": 0.0005,
        "dropout": 0.15,
        "alpha": 0.6,
        "H": 64,
        "wd": 0.001
      },
      "best_epoch": 8,
      "val_rank_ic": 0.07071238239003735,
      "test_ic": 0.03675585174233414,
      "test_rank_ic": 0.03268697980587354,
      "test_rank_ic_std": 0.16577813521480478,
      "test_rank_icir_annual": 3.1300248738122023,
      "n_params": 122855,
      "sharpe": 1.7390272032689875,
      "total_return": 0.29402756898452953,
      "max_drawdown": -0.09420019895557818,
      "annual_return": 0.31968121516942594,
      "train_time_s": 688.1
    },
    {
      "tag": "seed256_H64_alpha0.6_dropout0.2_lr0.0003",
      "seed": 256,
      "hp": {
        "lr": 0.0003,
        "dropout": 0.2,
        "alpha": 0.6,
        "H": 64,
        "wd": 0.001
      },
      "best_epoch": 4,
      "val_rank_ic": 0.06620251322101234,
      "test_ic": 0.049433953437308234,
      "test_rank_ic": 0.04383368391226972,
      "test_rank_ic_std": 0.1420968653567922,
      "test_rank_icir_annual": 4.896927946732715,
      "n_params": 122855,
      "sharpe": 1.6827197150028097,
      "total_return": 0.2636417301937999,
      "max_drawdown": -0.11408176236589729,
      "annual_return": 0.2942015948763521,
      "train_time_s": 950.5
    },
    {
      "tag": "seed512",
      "seed": 512,
      "hp": {
        "lr": 0.0005,
        "dropout": 0.2,
        "alpha": 0.6,
        "H": 64,
        "wd": 0.001
      },
      "best_epoch": 1,
      "val_rank_ic": 0.06243588910800366,
      "test_ic": 0.0427419168692165,
      "test_rank_ic": 0.037287278396569916,
      "test_rank_ic_std": 0.1459712957660798,
      "test_rank_icir_annual": 4.055024315334163,
      "n_params": 122855,
      "train_time_s": 595.3,
      "sharpe": 1.560303050144405,
      "total_return": 0.24156121689854504,
      "max_drawdown": -0.13201617748597239,
      "annual_return": 0.2777707516596095
    },
    {
      "tag": "seed512_H64_alpha0.6_dropout0.15_lr0.0005",
      "seed": 512,
      "hp": {
        "lr": 0.0005,
        "dropout": 0.15,
        "alpha": 0.6,
        "H": 64,
        "wd": 0.001
      },
      "best_epoch": 1,
      "val_rank_ic": 0.061391859413747196,
      "test_ic": 0.0427978844060542,
      "test_rank_ic": 0.038192849495512875,
      "test_rank_ic_std": 0.14400042454048018,
      "test_rank_icir_annual": 4.210353195745662,
      "n_params": 122855,
      "sharpe": 1.5517658116339228,
      "total_return": 0.23854147707858253,
      "max_drawdown": -0.13387779036196723,
      "annual_return": 0.2753059526221966,
      "train_time_s": 623.2
    },
    {
      "tag": "seed256",
      "seed": 256,
      "hp": {
        "lr": 0.0005,
        "dropout": 0.2,
        "alpha": 0.6,
        "H": 64,
        "wd": 0.001
      },
      "best_epoch": 4,
      "val_rank_ic": 0.06593579822137882,
      "test_ic": 0.04617395423594777,
      "test_rank_ic": 0.04068679212261155,
      "test_rank_ic_std": 0.1419375632941278,
      "test_rank_icir_annual": 4.5504709332324005,
      "n_params": 122855,
      "train_time_s": 1105.7,
      "sharpe": 1.5488217721997748,
      "total_return": 0.23689993578217372,
      "max_drawdown": -0.11207173145930027,
      "annual_return": 0.27385567637067365
    },
    {
      "tag": "seed256_H64_alpha0.5_dropout0.2_lr0.0005",
      "seed": 256,
      "hp": {
        "lr": 0.0005,
        "dropout": 0.2,
        "alpha": 0.5,
        "H": 64,
        "wd": 0.001
      },
      "best_epoch": 4,
      "val_rank_ic": 0.06627250394296318,
      "test_ic": 0.04591503453405079,
      "test_rank_ic": 0.04090799058813568,
      "test_rank_ic_std": 0.14223394675196457,
      "test_rank_icir_annual": 4.565676391341042,
      "n_params": 122855,
      "sharpe": 1.5362998373848122,
      "total_return": 0.23487110561992708,
      "max_drawdown": -0.11065450211035555,
      "annual_return": 0.27237509561263806,
      "train_time_s": 407.2
    },
    {
      "tag": "seed4096_H64_alpha0.6_dropout0.2_lr0.0003",
      "seed": 4096,
      "hp": {
        "lr": 0.0003,
        "dropout": 0.2,
        "alpha": 0.6,
        "H": 64,
        "wd": 0.001
      },
      "best_epoch": 8,
      "val_rank_ic": 0.0694410263749349,
      "test_ic": 0.047110457606366396,
      "test_rank_ic": 0.041050153744503305,
      "test_rank_ic_std": 0.15543958850546746,
      "test_rank_icir_annual": 4.192310034245325,
      "n_params": 122855,
      "sharpe": 1.418358891163611,
      "total_return": 0.2103457506960087,
      "max_drawdown": -0.13554663268003275,
      "annual_return": 0.25348878697167887,
      "train_time_s": 556.7
    },
    {
      "tag": "seed4096_H64_alpha0.5_dropout0.2_lr0.0005",
      "seed": 4096,
      "hp": {
        "lr": 0.0005,
        "dropout": 0.2,
        "alpha": 0.5,
        "H": 64,
        "wd": 0.001
      },
      "best_epoch": 8,
      "val_rank_ic": 0.07145853681492183,
      "test_ic": 0.037369082622636295,
      "test_rank_ic": 0.03336684283630313,
      "test_rank_ic_std": 0.15975260731678262,
      "test_rank_icir_annual": 3.3156402566542855,
      "n_params": 122855,
      "sharpe": 1.3926243658468893,
      "total_return": 0.21113672465597255,
      "max_drawdown": -0.11648609860447601,
      "annual_return": 0.25519516997881575,
      "train_time_s": 770.3
    },
    {
      "tag": "seed4096",
      "seed": 4096,
      "hp": {
        "lr": 0.0005,
        "dropout": 0.2,
        "alpha": 0.6,
        "H": 64,
        "wd": 0.001
      },
      "best_epoch": 8,
      "val_rank_ic": 0.07016177632487818,
      "test_ic": 0.03867548531865727,
      "test_rank_ic": 0.034461191438464954,
      "test_rank_ic_std": 0.16204519634465,
      "test_rank_icir_annual": 3.375937288829651,
      "n_params": 122855,
      "train_time_s": 626.0,
      "sharpe": 1.3876801385274624,
      "total_return": 0.20018744821568424,
      "max_drawdown": -0.09243849465962217,
      "annual_return": 0.24504483334399807
    },
    {
      "tag": "seed88",
      "seed": 88,
      "hp": {
        "lr": 0.0005,
        "dropout": 0.2,
        "alpha": 0.6,
        "H": 64,
        "wd": 0.001
      },
      "best_epoch": 1,
      "val_rank_ic": 0.06435253692275948,
      "test_ic": 0.041798992793416416,
      "test_rank_ic": 0.03772856267785949,
      "test_rank_ic_std": 0.1463918315231986,
      "test_rank_icir_annual": 4.091227754124981,
      "n_params": 122855,
      "train_time_s": 462.3,
      "sharpe": 1.2655661401062048,
      "total_return": 0.19219548399522046,
      "max_drawdown": -0.14136258839611537,
      "annual_return": 0.24232099509286553
    },
    {
      "tag": "seed512_H64_alpha0.5_dropout0.2_lr0.0005",
      "seed": 512,
      "hp": {
        "lr": 0.0005,
        "dropout": 0.2,
        "alpha": 0.5,
        "H": 64,
        "wd": 0.001
      },
      "best_epoch": 1,
      "val_rank_ic": 0.062390591839683214,
      "test_ic": 0.04207906889039925,
      "test_rank_ic": 0.037220872489230006,
      "test_rank_ic_std": 0.14710301940750087,
      "test_rank_icir_annual": 4.016661216998439,
      "n_params": 122855,
      "sharpe": 1.1497262656196634,